DataCite client name,has_schema_org,number_checked
PANGAEA,160,160
ZENODO - Research. Shared.,159,159
"LDEO - Lamont-Doherty Earth Observatory, Columbia University",159,159
4TU.Centre for Research Data,158,158
Digital Antiquity (TDAR),157,157
Michigan State University Libraries,157,157
ICPSR,156,160
UW-Biological Magnetic Resonance Bank,150,150
University of British Columbia,150,160
CERN OpenData Portal,140,140
Oak Ridge National Laboratory Distributed Active Archive Center,139,148
National Oceanic and Atmospheric Administration (NOAA) National Centers for Environmental Information (NCEI),132,132
Interdisciplinary Earth Data Alliance,128,129
Entrepreneur & Innovation Exchange,109,109
TOPMed,105,105
GigaDB,104,115
CSIRO,95,134
University of Bath,89,89
Alexander von Humboldt Institut für Internet und Gesellschaft,86,86
Institut für die Geschichte der deutschen Juden,85,85
GTEx,77,77
Natural Environment Research Council,75,116
Canada Human-Computer Communications Society,72,72
National Oceanic and Atmospheric Administration (NOAA) NCEI and NCL,70,105
BStift - Bertelsmann Stiftung,66,66
Curtin University,62,73
Mendeley,62,62
University of New Mexico Libraries,57,57
ESO - European Organisation for Astronomical Research in the Southern Hemisphere,56,58
World Data Center for Climate,56,135
University of Illinois Libraries,52,65
Oxford University Library Service Databank,50,153
International Crops Research Institute for the Semi-Arid Tropics (ICRISAT),41,41
UC Irvine Library,41,69
e-cienciaDatos,41,41
DataCite,38,52
Helmholtz-Zentrum Dresden-Rossendorf,36,36
IPK Gatersleben,35,35
UCSF Clinical & Translational Science Institute (CTSI),31,32
DRYAD,31,124
UNAVCO,28,143
The University of Melbourne,27,74
University of Sydney Library,27,89
"University of California, Davis, University Library",24,24
"Institut für Erziehungswissenschaft,WWU Münster",21,21
Cranfield University,21,114
Observatoire Terre Environnement de Lorraine,21,21
Universiteit van Amsterdam,20,60
Loughborough University,19,123
Janelia,19,52
University of Wisconsin-Madison,18,36
University of Sheffield,17,106
La Trobe University,17,108
University of Salford,15,101
University of Surrey,15,89
NIH Data Commons Pilot Phase Consortium,15,23
UC Berkeley,15,116
Marine and Coastal Research Institute of Columbia,15,101
University of Pittsburgh,14,153
COURAGE projekt (MTA BTK),13,13
Simon Worthington - Open Science Lab,13,13
Institut National de Recherche Agronomique,13,39
UCSC,13,17
University of Washington Libraries,13,28
figshare Academic Research System,12,154
U.S. Environmental Protection Agency,11,144
UC Riverside,11,11
Agriculture Victoria,11,11
Purdue University,10,154
Neon Neue Energieökonomik GmbH,9,9
UC Merced,9,9
The Open University,9,40
The Royal Central School of Speech and Drama,8,70
Stockholm University,8,92
EAWAG Research Data Management,8,10
Brunel University London,7,42
University of Sussex,6,37
Centre de coopération internationale en recherche agronomique pour le développement,6,106
University of Auckland Data Publishing and Discovery Service,6,133
Institut Français de Recherche pour l'Exploitation de la Mer,6,11
MyGeoHub,6,8
Science and Technology Facilities Council,6,154
Iowa State University,5,21
University College of Southeast Norway,5,35
G3 - Genetics Society of America (GSA),5,126
Publications Office of the European Union,5,7
University of New South Wales,5,5
Leibniz-Institut für Wirtschaftsforschung Halle (IWH),4,4
Health Research Alliance,4,55
figshare ASHA Publications,4,86
Middlesex University,4,61
Landcare Research New Zealand Ltd,4,162
UCLA,4,4
"National Cancer Informatics Program Hub, NIH",4,9
National Snow and Ice Data Center,4,91
University of Cape Town (UCT),3,101
omicX,3,3
Università degli Studi di Sassari,3,45
University of Western Cape,3,39
Hogeschool van Amsterdam,3,18
GENETICS - Genetics Society of America (GSA),3,110
Lawrence Berkeley National Laboratory,2,11
National Center for Atmospheric Research (NCAR),2,153
"City, University of London",2,28
Monash University,2,146
University of Leicester,2,36
Health & Co,2,2
ROHub,2,20
figshare SAGE Publications,2,154
DataCite Staff Demo Client,2,2
Bath Spa University,2,19
Conferenza dei Rettori delle Università Italiane,1,1
International Journal for Re-Views in Empirical Economics,1,6
DESY - Deutsches Elektronen-Synchrotron,1,9
Harvard IQSS Dataverse,1,1
CRYOSTEM,1,1
"Royal Holloway, University of London",1,133
Research Data Alliance,1,25
Indiana University Bloomington Libraries,1,56
Ocean Wise Conservation Association,1,1
Brainlife Production,1,73
The University of Adelaide,1,136
Odum Institute for Research in Social Science,1,2
Open Commons Consortium Datacentre,1,1
Fondazione GEM,1,4
Murdoch Childrens Research Institute (MCRI),1,86
Romanisches Seminar,1,25
Univ Chicago Materials Data Facility,1,56
Data Planet,0,161
SOCIB,0,2
UNM Research Data Services,0,2
ISI Kidney Datasets,0,10
Semenov Institute of Chemical Physics of Russian Academy of Sciences,0,58
Swedish National Data Service,0,154
ZBW Journal Data Archive,0,66
Centre for East Asian Studies Heidelberg,0,5
UBMA,0,70
"Apparatus - Film, Media and Digital Cultures in CEE",0,37
Liszt Ferenc Zeneművészeti Egyetem,0,4
Alfred-Wegener-Institut,0,155
University of St Andrews,0,125
MEDIAREP,0,14
University of Tasmania,0,27
All-Russian Selection and Technology Institute of Horticulture and Viticulture,0,9
Deutsche Sporthochschule Köln,0,3
University of Cincinnati Libraries,0,108
Helmut Schmidt Universität,0,20
Ecole et observatoire des sciences de la terre,0,2
Országos Rabbiképző-Zsidó Egyetem,0,20
University of Virginia Libraries,0,150
University of Essex,0,7
"Laboratoire ATmosphères, Milieux, Observations Spatiales",0,1
TIB Hannover,0,156
Pitt Quantum Repository,0,56
Magyar Tudományos Akadémia Társadalomtudományi Kutatóközpont,0,46
CoMSES Computational Model Library,0,4
Università degli Studi di Ferrara,0,131
Repository of scientific and methodological materials SU (IMBL),0,104
Universitätsbibliothek Freiburg,0,149
Collegium Carolinum,0,96
Demographic Data Base,0,8
University of Notre Dame,0,53
Atlas of Living Australia,0,107
Department of Environment,0,6
UTA Petroleum Engineering,0,35
European Centre for Medium-Range Weather Forecasts,0,66
IT'IS Foundation,0,58
E-Pics Proveninez,0,30
DataMares,0,85
Belgian Institute for Space Aeronomy,0,127
DOE National Laboratories,0,9
Magyar Tudományos Akadémia Könyvtár és Információs Központ,0,21
Adaptive Biotechnologies,0,68
"University of Technology, Sydney",0,9
Institut Laue-Langevin,0,143
Università degli Studi di Camerino,0,86
CaltechDATA,0,142
Sound and Vision,0,58
Center for Research in Computational Linguistics,0,8
Beszédkutatás,0,28
Astrakhan Medical Journal,0,12
medica mondiale,0,2
Magyar Táncművészeti Egyetem,0,1
Observatoire des Sciences de l'Univers Terre Homme Environnement Temps Astronomie de Franche-Comté Bourgogne,0,40
Bielefeld University,0,139
Electronic Library of Peter the Great Polytechnic University,0,155
Università Carlo Cattaneo - LIUC,0,18
Broad Institute of MIT and Harvard,0,60
ELTE Pedagógiai és Pszichológiai Kar,0,31
RIVM - Rijksinstituut voor Volksgezondheid en Milieu,0,92
Griffith University,0,4
MI-BMB (Medienimpulse),0,22
Universitätsbibliothek Passau,0,55
"Center for the Study of Social and Human Sciences ""Historical Consciousness""",0,7
Utah State University Merrill-Cazier Library,0,123
Hüttentechnische Vereinigung der Deutschen Glasindustrie e.V.,0,12
Oak Ridge National Laboratory – Climate Change Science Institute,0,1
IEEE DataPort,0,102
Oxford Brookes University,0,101
University of Virginia Minor Laboratory,0,141
University of Massachusetts (UMass) Medical School,0,107
LabArchives Production,0,89
Bibliothèque Clermont Université,0,26
Université Bordeaux Montaigne,0,33
ZZF - Centre for Contemporary History,0,129
Kurchatov Institute - IREA,0,2
Theoretical Philosophy/MIND Group – JGU Mainz,0,100
Yakut Science Centre of RAMS,0,84
UB Bochum,0,146
Centre français de recherche aérospatiale - The French Aerospace Lab,0,58
Magyar Orvosi Könyvtárak Szövetsége,0,9
"Journal ""Construction of Unique Buildings and Structures""",0,14
ETH Zürich Research Collection,0,97
Istituto Nazionale di Fisica Nucleare. Centro Nazionale Analisi Fotogrammi,0,155
London School of Economics,0,116
Queen's University Belfast,0,47
D3B,0,1
Biodiversity Institute of Ontario,0,1
Miskolci Egyetem,0,56
University of Ottawa,0,141
Fondazione CMCC - Centro Euro-Mediterraneo sui Cambiamenti Climatici,0,2
Università degli Studi di Napoli Federico II,0,152
Società Italiana di Psicologia della Religione,0,3
Zoologisches Forschungsmuseum Alexander Koenig - Leibniz-Institut für Biodiversität der Tiere,0,2
Conferences & Abstraits Management system,0,71
Eesti Pank. Bank of Estonia,0,23
Archaeology Data Service,0,157
Università degli Studi di Pavia,0,92
"Faculty of 3mE, Mechanical, Maritime and Materials Engineering, TU Delft",0,4
Progress in Science Education (Journal),0,5
BA Justiz,0,2
Zeitschrift für Frauen- und Geschlechterforschung,0,152
Royal Society of Chemistry,0,22
Lublin University of Technology,0,51
Karlsruher Institut für Technologie - Institut für Organische Chemie,0,137
Universitätsbibliothek München,0,155
Deutschen Bundesstiftung Umwelt (DBU),0,22
Applied Rheology,0,143
"Faculty of Technology, Policy and Management, TU Delft",0,4
Silesian University of Technology,0,34
Julius Kühn-Institut,0,146
Plutof.  Data Management and Publishing Platform,0,160
Anais IHMT,0,49
Technische Universität Hamburg,0,153
All-Russian Research Institute of Agrochemistry named after D. Pryanishnikov,0,68
Registre de Dialyse Péritonéale de Langue Française,0,20
Oregon Health Sciences University,0,156
Agrophysical Research Institute,0,30
RENCI (Renaissance Computing Institute),0,37
Arbeitsgemeinschaft für Marketing,0,27
Texas Advanced Computing Center,0,87
Australian Ocean Data Network,0,5
Université Paul-Valéry Montpellier 3,0,13
Karlsruher Institut für Technologie,0,157
DANS,0,160
US Lattice Quantum Chromodynamics Collaboration (USQCD),0,1
Global Biodiversity Information Facility,0,11
Universitätsbibliothek Rostock,0,142
International Journal for Research in Vocational Education and Training,0,45
HOP: SComS,0,23
South Ural State Humanitarian Pedagogical University,0,45
Cyberinfrastructure for Atomistic Materials Science (CAMS),0,35
Humboldt-Universität zu Berlin,0,41
AERIS -  Pôle français de données et services pour l'atmosphère,0,8
Centre d'études nordiques,0,36
Deutsches Zentrum für Luft- und Raumfahrt e.V. (DLR) Institut für Physik der Atmosphäre,0,2
GEOMAR-Bibliothek,0,63
Eurographics,0,146
Brown Digital Repository,0,133
St Philaret's Christian Institute in Moscow,0,6
Endangered Archives Project,0,50
Code Ocean,0,2
DataFirst Client,0,58
University of Maryland Libraries,0,157
"National Transportation Library, U.S. Department of Transportation",0,143
"All-Russian Scientific Research Institute of Physiology, Biochemistry and Nutrition of Animals",0,11
SHARE - ERIC,0,52
Institut Pierre-Simon Laplace,0,8
Karl-Franzens-Universität-Graz,0,96
LIVES Working Paper Series,0,38
DataCite Demo Client,0,138
University of Michigan Dept of EEC,0,23
eyeMoviePedia,0,37
Japan Link Center,0,103
University of Dundee,0,35
Old Dominion University,0,133
"National Institutes of Health, National Institute of Mental Health",0,83
Institut de Recherche pour le Développement,0,1
North-West University,0,38
Università degli Studi di Cagliari,0,129
"E-Pics 3, EWS",0,26
CERN Proceedings,0,15
027.7 - Zeitschrift für Bibliothekskultur,0,49
Ajakirjad. Journals by UT,0,148
Service hydrographique et océanographique de la marine,0,54
Forschungsdatenzentrum Sozio-ökonomisches Panel (FDZ SOEP),0,40
ZMT – Leibniz Center for Tropical Marine Ecology,0,10
Vlaams Instituut voor de Zee,0,66
Harvard Medical School Sleep Center,0,15
Andrássy Gyula Budapesti Német Nyelvű Egyetem,0,8
Vancouver Island University Library,0,143
CIEP,0,7
The Cambridge Crystallographic Data Centre,0,160
ISRIC,0,9
Université Jean Moulin Lyon 3,0,11
The State Archives,0,152
IUMSP: Publications,0,23
TU Delft Library,0,139
CybelePress,0,15
National Oceanic and Atmospheric Administration (NOAA) - NOAA Central Library,0,31
George Mason University,0,137
Swiss Center for Expertise in Social Research,0,119
Institute of Control Sciences of Russian Academy of Sciences,0,45
Sigmund Freud PrivatUniversität Wien (SFU),0,67
European Society of Cardiovascular Radiology,0,11
African Population and Health Research Centre,0,14
Deutscher Wetterdienst - Klimaüberwachung,0,12
Technische Universität Dortmund,0,160
sozialpolitik.ch,0,18
University of the Sunshine Coast,0,19
DataDOI,0,35
Deutsche Schmerzgesellschaft e.V.,0,1
Archeology Institute of Russian Academy of Sciences,0,73
IANUS - FDZ Archäologie & Altertumswissenschaften,0,15
IIASA - International Institute for Applied Systems Analysis,0,12
China Geological Survey,0,6
Collaborative Research in Computational Neuroscience (CRCNS),0,64
BOP: JEMR,0,116
CESSDA ERIC,0,42
Environment Climate Data Sweden,0,51
"Environmental Research Institute, Faculty of Science & Engineering, University of Waikato, New Zealand",0,57
GNS Science,0,3
University of Brighton,0,7
Aquilon Ltd,0,34
SURFsara,0,21
Cape Peninsula University of Technology,0,8
Technische Informationsbibliothek  Open Science Lab,0,31
Fred Hutchinson Cancer Research Center,0,2
Alveo,0,1
Comitato Ev-K2-CNR,0,2
National Computational Infrastructure,0,6
Association en Recherche d’Information et Applications,0,22
Earth Observing System Data and Information System,0,155
Carleton University,0,2
Acta Regionis Rurum,0,5
Helmholtz-Zentrum Berlin für Materialien und Energie GmbH,0,39
University of Lancaster,0,123
Bayerische Akademie der Wissenschaften,0,2
Ural Scientific Research and Design Institute,0,2
Volgograd Institute of Business,0,86
"IT-Servicezentrum, Universität Bayreuth",0,13
Institute of General Pathology and Pathophysiology,0,85
German Neuroinformatics Node,0,129
Leibniz-Institut für Astrophysik Potsdam (AIP),0,89
Uni Genf,0,144
Bioplatforms Australia,0,1
European Spallation Source,0,89
ElliNET,0,147
Bond University,0,35
Deutsche Gesellschaft für Luft- und Raumfahrt,0,14
CHALMERS UNIVERSITY OF TECHNOLOGY,0,3
The Volga-Kama regional Department of the Russian Academy of natural Sciences,0,21
Institut National de Recherche en Sciences et Technologies,0,101
Centre of Registers Västra Götaland,0,16
SAEON Data Centre,0,154
Deakin University,0,32
Universitaetsbibliothek Stuttgart,0,143
NSD – Norsk senter for forskningsdata,0,124
Physikalisch-Technische Bundesanstalt,0,127
BOP - itw: im dialog,0,24
University online library,0,146
"Stiftung Schloss Friedenstein, Gotha",0,3
Vivli,0,18
University of Leeds,0,109
Centre de données socio-politiques,0,1
"Sjøkrigsskolen,  Royal Norwegian Naval Academy",0,16
Leibniz-Institut fuer Ostseeforschung Warnemuende,0,44
Rothamsted Research,0,95
thyrosite.com - Magyar Endokrinológiai és Anyagcsere Társaság Pajzsmirigy Szekciója,0,127
UC Berkeley Research IT,0,38
Animal Welfare. Etológia és tartástechnológia,0,35
CSC - IT Center for Science,0,158
Université de Montréal Biodiversity Centre,0,45
Geotechnical Extreme Events Reconnaissance,0,3
German Development Institute,0,56
AMA Service GmbH,0,132
Alkalmazott Pszichológia,0,34
Saúde & Tecnologia,0,29
Hakai Institute,0,11
Deutsche Gartenbauwissenschaftliche Gesellschaft,0,50
"Technische Hochschule Wildau, Hochschulbibliothek",0,107
CGA,0,30
Charles Sturt University,0,5
Bureau of Meteorology,0,1
KAUST Research Repository,0,5
Fundacja Pro Scientia Publica,0,108
Natural Resources Canada,0,7
Nanyang Technological University,0,51
"Project BioFresh, Leibniz-Institute of Freshwater Ecology and Inland Fisheries",0,25
Alkalmazott Nyelvtudomány,0,33
FID-GEO SUB,0,148
USGS DOI Tool Production Environment,0,152
University of Massachusetts (UMass) CANDI,0,114
PerFacta Kft.,0,5
Magyar Könyvszemle,0,61
Media Mente Ltd,0,4
Querelles Jahrbuch für Frauen- und Geschlechterforschung,0,18
Deutsches Institut für Wirtschaftsforschung (DIW) Berlin,0,89
Università degli Studi di Padova,0,9
University of East London,0,67
Fontys University of Applied Sciences,0,17
Norwegian University of Science and Technology,0,1
Diametros,0,90
"FH Aachen, Hochschulbibliothek",0,28
CERN Yellow Reports: School Proceedings,0,39
e-manuscripta,0,98
Communauté pour l’Avancement de la Recherche Appliquée Francophone en Ergothérapie (CARAFE),0,38
TIB KMO / FLOWWORKS GmbH,0,159
"Excellence Cluster Topoi, Freie Universität Berlin / Humboldt-Universität zu Berlin",0,144
Universitätsbibliothek Duisburg-Essen,0,133
Senckenberg Museum für Naturkunde Görlitz,0,4
Universitätsbibliothek Erlangen-Nürnberg,0,25
National Journal Glaucoma,0,20
NRCT Data Center,0,154
Thomas Jefferson National Accelerator Facility (TJNAF),0,1
University of Aberdeen,0,15
LMU-ifo Economics & Business Data Center,0,82
Paderborn University Library,0,134
Verein für alpine Kulturpflanzen,0,11
Forschungsdatenzentrum Deutsches Zentrum für Altersfragen (FDZ-DZA),0,53
microPublication,0,50
"Birkbeck, University of London",0,8
University of Nebraska-Lincoln Libraries,0,80
Universitätsbibliothek Eichstätt-Ingolstadt,0,2
Global Monitoring Division,0,26
Justus-Liebig-Universität Gießen,0,98
Altai State Technical University,0,101
Technische Universität Berlin - Universitätsbibliothek,0,159
ZHAW Digital Collection,0,150
Wissenschaftszentrum Berlin für Sozialforschung,0,48
"Staats- und Universitätsbibliothek Göttingen, Elektronisches Publizieren (EPU)",0,47
PH St. Gallen,0,52
Universität der Bundeswehr München,0,6
"Verband für lesbische, schwule, bisexuelle, trans*, intersexuelle und queere Menschen in der Psychologie (VLSP)",0,10
Universitätsbibliothek Christian-Albrechts-Universität zu Kiel,0,11
Hadtudomány,0,49
SAUC,0,63
Geoloogilised andmekogud.  Geocollections in Estonia,0,12
Coherent X-ray Imaging Data Bank,0,3
Università degli Studi di Verona,0,87
Universitäts- und Stadtbibliothek Köln,0,26
BonaRes  Leibniz-Zentrum für Agrarlandschaftsforschung (ZALF) e.V. Datenzentrum Agrarlandschaft,0,14
e-codices,0,156
The University of Western Australia,0,123
Virginia Commonwealth University,0,67
Observatoire Midi-Pyrénées,0,52
Institute of Science and Technology Austria,0,43
International Centre for the Advancement of Health Regional Innovation and Science (ICAHRIS),0,2
Keeleressursid. The Center of Estonian Language Resources,0,98
Publishing Group Logos,0,116
Russian Association for the Study of Pain,0,12
Käte Hamburger Kolleg/Center for Global Cooperation Research,0,26
Digital CSIC,0,68
"National Cancer Institute, Bioconductor",0,108
University Library Heidelberg,0,159
"National University of Ireland, Galway",0,35
Apeiron WSBPI,0,70
Data Service Center for Business and Organizational Data,0,18
Berkeley Law Library,0,159
Dublin Institute of Technology,0,142
CRAWDAD,0,107
OEPMS,0,2
Pázmány Péter Katolikus Egyetem,0,71
Journal «Theoretical and applied ecology»,0,92
MorphoBank,0,142
Meteoschweiz,0,2
University of Luxembourg,0,52
Bundesanstalt für Landwirtschaft und Ernährung,0,83
AMES Laboratory,0,10
University of New England,0,13
E-Periodica,0,144
Ifakara Health Institute,0,19
Doktoranduszok Országos Szövetsége,0,4
Testing Auto Data Centre,0,1
Kaposvári Egyetem,0,30
Sciensano,0,3
University of Calgary,0,132
University of Birmingham,0,78
Gesellschaft für Südostasienwissenschaften (SEAS),0,41
National Hydropower Asset Assessment Program,0,2
Environmental Protection Agency,0,122
Oregon State University,0,50
"Universität Ulm, Kommunikations- und Informationszentrum (kiz)",0,148
Magazine of Civil Engineering,0,66
TERN Central Portal,0,88
Freshwater Biological Association,0,26
Dagstuhl,0,156
University of Portsmouth,0,9
Akademie der bildenden Künste Wien,0,1
Université Paris-Est-Marne-la-Vallée,0,23
Liechtenstein-Institut,0,1
Statsbiblioteket,0,19
Università degli Studi di Torino,0,134
ANeT (Network for the study of Asian Ants),0,37
Flinders University Library Research Data,0,15
altrelettere,0,30
"Swiss Federal Institute for Forest, Snow and Landscape Research WSL",0,36
DOE Generic,0,104
National Research Council Canada,0,157
Eötvös Loránd Tudományegyetem,0,95
Journal of Applied Technical and Educational Sciences,0,18
Unit,0,1
Qsardb Databank,0,105
Smithsonian Institution,0,9
UB Basel Eterna,0,59
The Journal of Neolithic Archaeology,0,50
University of Alberta Libraries,0,153
Utrecht University,0,16
edoc - University Library of Basel,0,157
Marine Institute,0,6
Universitätsbibliothek Regensburg,0,111
Małopolska Wyższa Szkoła Ekonomiczna,0,13
"US Department of Agriculture, Agricultural Data Commons",0,88
Université Paris Diderot - Paris 7,0,2
IMP-HSG,0,2
Virginia Tech,0,33
Swinburne University of Technology,0,1
Scientific Center of Neurology,0,34
Intrepid Bioinformatics,0,3
Università degli Studi di Roma “Unitelma Sapienza”,0,69
Politechnika Wrocławska,0,132
International Council for the Exploration of the Sea (ICES),0,150
WIP - Renewable Energies,0,159
Center for Conjoint Monitoring of the Environment and Natural Resources LLC,0,2
University of Strathclyde,0,110
Ethiopian Education and Research Network,0,25
Western Sydney University,0,43
ICOS Carbon Portal,0,26
INSTITUTE OF GEOPHYSICS Ural branch of Russian Academy of Sciences,0,31
"EARSeL eProceedings, University of Oldenburg",0,37
Innovationsblog,0,27
UCSD,0,160
Institut de recherche et d'études sur le monde arabe et musulman,0,6
ResearchGate,0,4
Universitätsbibliothek Bamberg,0,137
University of Glasgow,0,107
James Madison University,0,29
"Société d'Etude, Réalisation et Diffusion Internationale",0,126
National University of Singapore,0,68
DOE Geothermal Data Repository,0,3
Survey Methods,0,35
University College of Northern Denmark (UCN),0,55
Defense Technical Information Center (DTIC),0,20
IMP InterMediaPartners GmbH,0,18
Syracuse University Qualitative Data Repository,0,2
"University of Ljubljana, Faculty of Law (UL-FL)",0,8
"Nationales Bildungspanel (National Educational Panel Study, NEPS)",0,53
Universitätsbibliothek der FU Berlin Hochschulschriftenstelle u. Dokumentenserver,0,68
Infoclio,0,71
Max Rubner-Institut  – Bundesforschungsinstitut für Ernährung und Lebensmittel,0,6
International Association for the Evaluation of Educational Achievement,0,3
Gender Open Repositorium,0,132
Englisches Seminar der Universität Tübingen,0,17
Centre de données de l'Institut de Physique du Globe de Paris,0,4
CTSNet | The Cardiothoracic Surgery Network,0,130
Caltech Library,0,145
Edith Cowan University,0,56
CLIVAR and Carbon Hydrographic Data Office,0,5
"E-Pics 5, Kunstinventar",0,28
Nyelvtudományi Közlemények,0,48
Cary Institute,0,22
Arbeitskreises Militärgeschichte,0,49
Varieties of Democracy,0,1
Szent István Egyetem,0,84
ReSpecTh adatbázis MTA-ELTE Komplex Kémiai Rendszerek Kutatócsoport,0,20
Università degli Studi di Messina,0,97
"FernUniversität in Hagen, Lehrstuhl für BWL, insb. Entwicklung von Informationssystemen",0,61
Università degli Studi di Bergamo,0,117
Laboratory for Basic and Translational Cognitive Neuroscience,0,1
University Library Vechta,0,58
Ассоциация интернет-издателей,0,30
"Alliance for Crops, Soils, and Environmental Science Societies",0,3
Oak Ridge National Laboratory DOI,0,1
Imperial College London,0,160
London Southbank University,0,49
CMCC Foundation - Ocean Predictions and Applications Division,0,5
Histarch - Historische Archäologie,0,46
Centre International de Rencontres Mathématiques,0,111
Hugo-Obermaier-Gesellschaft,0,61
"International Center for Food Chain and Network Research, Rheinische Friedrich Wilhelms-Universität Bonn",0,108
University of South Australia,0,6
Aston University,0,79
Verbundzentrale des GBV,0,97
Gartenbau-Informationssystem hortigate Ein Angebot des Zentralverbandes Gartenbau e.V. (ZVG),0,8
Keletkutatás - Kőrösi Csoma Társaság,0,16
Institute of Computational Technologies SB RAS,0,27
Semmelweis Egyetem,0,92
UB Basel emono,0,14
Università degli Studi di Trento,0,124
Astronomie-Rara (Deutsches Museum München),0,38
SiB Colombia,0,119
Universitätsbibliothek Gießen,0,43
University of Central Lancashire,0,23
Haditechnika,0,57
DTIC Datacenter,0,135
Analysis and Policy Observatory,0,122
Instytut Podstawowych Problemów Techniki PAN,0,10
Station Biologique de Roscoff,0,146
Radiologya-Press Ltd,0,31
Penn State Institutes of Energy and the Environment/PSU Data Commons,0,116
Australian Data Archive,0,2
École nationale supérieure des mines de Paris(MINES ParisTech),0,2
eMammal,0,1
Sächsische Landesbibliothek - Staats- und Universitätsbibliothek Dresden (SLUB),0,147
Textdatenbank und Wörterbuch des Klassischen Maya,0,16
Controller Infó (Copy & Consulting Kft.),0,28
Partnership for Interdisciplinary Studies of Coastal Oceans (PISCO),0,150
Magyar Tudományos Akadémia Nyelvtudományi Intézet,0,12
BOP: Informationswissenschaft,0,47
Oak Ridge National Laboratory - Atmospheric Radiation Measurement (ARM) Data Archive,0,138
Fors Papers,0,15
Coastal Carbon Research Coordination Network,0,1
Floristisch-soziologische Arbeitsgemeinschaft e.V. (FlorSoz),0,46
"Foundation for the Promotion of Internet Media, IT Education, Human Capacity ""League of Internet Media""",0,62
Rutgers University Library,0,157
Università degli Studi di Macerata,0,85
Società Italiana di e-Learning,0,20
University of Bristol,0,117
University of Prince Edward Island,0,7
Acta Biologica Plantarum Agriensis,0,18
University of Nottingham,0,49
Betekintő,0,7
Kuratorium für Technik und Bauwesen in der Landwirtschaft e. V. (KTBL),0,91
The Dartmouth Institute,0,1
Forschungsdatenrepositorium LUH,0,11
Foucault-Blog,0,44
"Membership and Research Division, OCLC, Inc.",0,69
Goldsmiths' College,0,123
National Institutes of Standards and Technology,0,80
eActa Naturalia Pannonica,0,6
USR3225 - Maison René Ginouvès,0,1
Infinite Science GmbH,0,29
UC Berkeley Institute of Transportation Studies (ITS),0,7
World Glacier Monitoring Service,0,14
Prior Art Publishing GmbH,0,159
"Étude des Structures, des Processus d'Adaptation et des Changements de l'Espace",0,13
FID für internationale und interdisziplinäre Rechtsforschung,0,152
International Journal on Working Conditions,0,11
Institut für Publizistik- und Kommunikationswissenschaft an der FU Berlin,0,43
NSW Office of the Environment and Heritage,0,2
RISM,0,3
University of Massachusetts (UMass) Amherst,0,142
BIS-Verlag der Universität Oldenburg,0,21
Deutsches Institut für Erwachsenenbildung,0,158
Swedish National Seismic Network,0,1
Institute for Future Environments,0,12
Dissertationes Archaeologicae,0,75
Otto-von-Guericke-Universität Magdeburg,0,37
GESIS.ZPID,0,53
Università degli Studi di Pisa,0,28
James Cook University,0,125
Drexel University Libraries,0,15
Universität- und Landesbibliothek Darmstadt,0,87
European Society of Gastrointestinal and Abdominal Radiology,0,26
Zentrum für Informationsdienste und Hochleistungsrechnen (TU-Dresden),0,6
Biodiversity and Climate Research Centre,0,22
HOPE: Journal für Psychoanalyse,0,26
Institut national de recherche en informatique et automatique,0,91
Lucca IMT,0,58
"Galter Health Sciences Library, Northwestern University",0,138
Günter Grass Stiftung Bremen Medienarchiv,0,104
European Commission Joint Research Centre Directorate G,0,152
University of Liverpool,0,53
Bundesanstalt für Arbeitsschutz und Arbeitsmedizin (BAuA),0,41
Durham University,0,58
Australian Institute of Marine Science (AIMS),0,1
Pannon Egyetem,0,91
CIARD RING,0,5
Nyugat-magyarországi Egyetem,0,83
Stiftung Tierärtzliche Hochschule Hannover,0,6
PERSYVAL-Lab : Pervasive Systems and Algorithms Lab,0,6
Direction de la Documentation et de l'Edition de l'Université de Lorraine,0,29
Open Science Framework,0,160
European Chemical Bulletin,0,21
GESIS Leibniz Institute for the Social Sciences,0,152
"Institut für Wirtschaftsinformatik, Westfälische Wilhelms-Universität Münster",0,50
University of Chicago,0,135
Da Investigação às Práticas,0,82
Réseau sismologique et géodésique français,0,40
Human Capital,0,69
Onkološki inštitut Ljubljana / Institute of Oncology Ljubljana,0,16
Zentrum für ökonomische Bildung in Siegen,0,39
Editions des archives contemporaines,0,36
Axiom Data Science,0,26
University of Southampton,0,139
UIKTEN - Association for Information Communication Technology Education and Science,0,105
Universitätsbibliothek der TU Braunschweig,0,147
Universität Konstanz - Bibliothek,0,143
Széchenyi István Egyetem Építészeti és Épületszerkezettani Tanszék,0,5
"E-Pics 6, Sternwarte",0,28
OSTI Test DOI data center,0,20
Publishing house «Radiotekhnika»,0,2
Graphische Sammlung,0,135
Scientific Center on industrial and environmental safety in the mining industry,0,56
UCSB Writing Program,0,145
"Computational Geometry Lab, Carleton University",0,38
BOP: HASBOnline,0,5
Biocode Commons,0,1
Centre expert contre la cybercriminalité français,0,15
CERN Yellow Report: Monographs,0,8
Queensland University of Technology,0,3
iPlant Collaborative (at University of Arizona),0,36
National Data Service,0,1
Sheffield Hallam University,0,17
All-Russian Research Institute of Corn,0,17
Leibniz-Institut für Arbeitsforschung an der TU Dortmund (IfADo),0,86
University of Exeter,0,45
NAUCHTEKHLITIZDAT Publishing House,0,111
Rolling Deck to Repository Program,0,158
Drug Design Data (D3R) Resource,0,2
"National association of specialists in thrombosis, clinical haemostasiology and haemorheology",0,46
Istituto Nazionale di Oceanografia e di Geofisica Sperimentale,0,72
HEPData.net,0,158
Information Marketplace for Policy and Analysis of Cyber-Risk & Trust (IMPACT),0,145
California Digital Library,0,4
Facultad de Psicología de la Universidad de la República,0,1
Queen Mary University of London,0,29
International Centre for Higher Education Research,0,2
Universität Hamburg,0,23
Tavrida Bulletin of Agrarian Science,0,22
"DataGuru-LU,  Department of Physical Geography and Ecosystem Science, Lund University",0,7
Saint Petersburg Mining University,0,54
ArcticNet,0,22
Humboldt Universität zu Berlin,0,7
Les Amis d'Acarologia,0,31
Russian Agency for Digital Standardization,0,146
International Journal of Language and Law (JLL),0,30
Video Journal of Vitreoretinal Surgery,0,14
Association française de dynamique des structures et vibroacoustique,0,25
Africa Health Research Institute,0,1
Fondren Library,0,18
Kola Science Center of the Russian Academy of Sciences,0,106
U.S. Fish and Wildlife Service,0,12
Pädagogische Hochschule Zürich - Medienpädagogik,0,91
Materials Physics and Mechanics,0,89
Institute of the Health Care Ministry of the Chuvash Republic,0,22
Università degli Studi di Catania,0,42
University of Kent,0,9
National Center for Ecological Analysis and Synthesis (NCEAS),0,154
OpenNeuro,0,65
ORNL Oak Ridge Leadership Computing Facility,0,5
German Medical Science,0,157
Heriot-Watt University,0,46
BOP: EHB,0,8
Rabbit and Fur-Bearing Animal Breeding,0,44
Istituto Nazionale di Astrofisica,0,5
Geoscience Australia,0,105
Observatoire de Physique du Globe de Clermont-Ferrand,0,2
Beratungsstelle für Unfallverhütung,0,1
Northwest Knowledge Network,0,34
"Federal Institute for Education Research, Austria",0,66
University of Canberra,0,1
Università degli Studi di Milano,0,155
Faculty of Economics University of Ljubljana,0,64
Thieme Chemistry,0,2
Széchenyi István Egyetem,0,59
Plymouth University,0,1
Zentrum für Literatur- und Kulturforschung,0,13
Ascomycete.org,0,116
Herder-Institut für historische Ostmitteleuropaforschung,0,3
Washington University in St. Louis Libraries,0,148
Gulf of Mexico Research Initiative Information and Data Cooperative,0,146
Zentralinstitut für die kassenärztliche Versorgung in der Bundesrepublik Deutschland (Zi),0,34
Société Marocaine de Rhumatologie,0,48
Research Data Centre for Education,0,142
IUMSP: Data,0,5
BOP: BAF,0,31
Leibniz-Zentrum für Agrarlandschaftsforschung (ZALF) e. V.,0,78
Australian Synchrotron,0,30
Department of Agriculture and Water Resources - ABARES,0,1
University of Wyoming,0,29
Association Française d'Etudes et de Recherches sur les Aérosols,0,41
Academy of Sciences of the Chechen Republic,0,48
University College Dublin,0,156
KNMI Data Centre,0,14
Nikitsky Botanical Garden - National Science Center of Russian Academy of Sciences,0,77
Stanford Digital Repository,0,17
Psychology Archives,0,151
TU München - Informatik,0,56
Barbara A. Mikulski Archive for Space Telescopes,0,118
Association des Technologies et l'Information pour l'Education et la Formation,0,21
"FLOSS Project, Syracuse University",0,56
UNC Library - Resource Description and Management,0,12
University of Manchester,0,63
Zuyd University of Applied Sciences,0,26
University of Copenhagen,0,5
International Journal of Literary Linguistics,0,34
Texas A&M University Libraries,0,28
South-Siberian Scientific Bulletin,0,35
Bundesinstitut für Bevolkerungsforschung (CPoS),0,68
University of Cambridge,0,156
Università degli Studi di Milano-Bicocca,0,5
Istituto Nazionale di Geofisica e Vulcanologia,0,34
International Review for Humboldtian Studies,0,118
Explora Blog,0,15
Erdélyi Társadalom Social Science Journal,0,105
Università degli Studi di Venezia Ca’ Foscari,0,145
Kinder Institute,0,21
Natura Somogyiensis,0,11
Faculty of 1000 Research Ltd,0,147
CISER Data Archive,0,132
New York University Library,0,28
Sage Bionetworks,0,111
Eszterházy Károly Egyetem konferenciaközlemények,0,19
XFEL,0,7
Oak Ridge National Lab’s Terrestrial Ecosystem Science Scientific Focus Area,0,52
American University Digital Research Archive,0,19
HOPE: sui generis,0,67
World Ozone and Ultraviolet Radiation Data Centre,0,13
Volgograd Academy of the Ministry of Internal Affairs of the Russian Federation,0,19
Data Repository for the University of Minnesota,0,94
Digital Research Infrastructure for the Arts and Humanities,0,98
University of Southern California Digital Library,0,145
Center for International Earth Science Information Network (CIESIN),0,58
"Technische Universität Clausthal, Universitätsbibliothek",0,62
The Evangelische Hochschule Nürnberg,0,27
"Universität Zürich, ZORA",0,160
University College London,0,20
St. Petersburg State Polytechnical University Journal,0,72
Canadian Polar Data Network (CPDN),0,78
Modern Language Association,0,147
Logisztikai trendek és legjobb gyakorlatok,0,5
Harvard Medical School,0,116
Károli Gáspár Református Egyetem,0,3
Eszterházy Károly Egyetem,0,20
North-Eastern Federal University,0,71
Humboldt Universität zu Berlin,0,144
Berkeley Seismological Laboratory,0,4
IAI - Ibero-American Institute,0,83
UC Berkeley Department of Linguistics,0,136
CERN Publishing,0,29
"Bundesinstitut für Risikobewertung Fachgruppe ZEBET-Datenbank und Informationsbeschaffung Abteilung Experimentelle Toxikologie und ZEBET Max-Dohrn-Straße 8–10,  10589 Berlin",0,46
Web Archive Programme at BL,0,5
Survey Research Data Archive Taiwan,0,144
University of Wollongong,0,9
Université de Liège,0,31
Laurentian University,0,1
Czytelnia Czasopism PAN,0,147
Digital Initiatives and Scholarly Communication,0,18
Cefas,0,47
Gesellschaft für Informatik (GI),0,133
UB Bern,0,1
Forschungsdaten- und Servicezentrum der Bundesbank,0,18
JACOW,0,135
BOP: JDS,0,26
Observatoire MEMO : Mammifères Echantillonneurs du Milieu Océanique - Service d'Observation de l'Océan CNRS-INSU,0,2
"National Cancer Institute, NIH",0,2
Morphosource Project,0,144
TU Delft Open,0,2
Max Planck Institute for Human Development,0,54
Concordia University,0,7
The McConnell Brain Imaging Centre,0,4
'Health Monitoring' Research Data Centre at the Robert Koch Institute,0,143
Unité de recherche en pratique pharmaceutique du Centre hospitalier universitaire Sainte-Justine,0,26
DSMZ,0,160
University of Texas at Austin,0,146
Keele University,0,25
HAWK Hildesheim - Hornemann Institut,0,105
Czech Social Science Data Archive,0,131
Laboratoire des Interactions Plantes-Microorganismes,0,3
CyberDOI,0,150
World Vegetable Center,0,24
RWI - Rheinisch-Westfälisches Institut für Wirtschaftsforschung e.V.,0,103
Zentrum für Astronomie der Universität Heidelberg,0,14
FIZ-Karlsruhe (eLiBM),0,63
Romania ADL Association,0,150
"Forschungsstelle für Gesundheitsbildung, Köln",0,8
Landscape Conservation Cooperative,0,1
Australian National Data Service,0,4
Marine Biological Association,0,8
Climate Adaptation Science Centers,0,11
Politechnika Białostocka Oficyna Wydawnicza,0,46
Leibniz-Institut für Ost- und Südosteuropaforschung (IOS),0,33
Fodder Production,0,52
Institut des Hautes Études Scientifiques,0,1
"UNINETT Sigma AS, Norway",0,60
Johns Hopkins University Data Archive,0,17
IOC of UNESCO (Intergovernmental Oceanographic Commission),0,76
Università del Salento,0,149
Office of Science (SC),0,13
Société Française de Chirurgie Thoracique et Cardio-Vasculaire,0,31
The Australian National University,0,53
Universitäts- und Landesbibliothek Münster,0,87
FIZ Karlsruhe – Leibniz-Institut für Informationsinfrastruktur,0,7
Tabriz University of Medical Sciences,0,51
Università degli Studi di Trieste,0,124
Centre National d’Etudes Spatiales,0,1
"UCSB Climate Hazards Group, Dept of Geography",0,3
Leibniz-Institut für Europäische Geschichte,0,142
Revistas SARC,0,143
St. George's University of London,0,35
NGEE-Arctic  (Next Generation Ecosystems Experiement),0,56
"The Russian Journal «Problems of Veterinary Sanitation, Hygiene and Ecology»",0,28
Universitätsbibliothek Chemnitz,0,53
Radioökológiai Tisztaságért Társadalmi Szervezet,0,2
Northwestern University,0,113
TU Delft Architecture,0,153
"Société de l'électricité, de l'électronique et des technologies de l'information et de la communication",0,85
Bibliothek des Wissenschaftsparks Albert Einstein,0,128
RMIT University,0,7
Hochschule Hannover,0,1
Hochschule für angewandte Wissenschaften Neu-Ulm Fakultät Gesundheitsmanagement Wileystr. 1 D-89231Neu-Ulm,0,30
BCU,0,155
Citrine community data,0,4
Bavarian State Library,0,152
International Treaty on Plant Genetic Resources for Food and Agriculture,0,159
UTA Institute of Classical Archaeology,0,1
National Renewable Energy Laboratory (NREL),0,103
Országos Meteorológiai Szolgálat,0,4
Humboldt-Universität zu Berlin Arbeitsgruppe Elektronisches Publizieren am Computer- und Medienservice (CMS),0,153
Leibniz-Institut für Nutztierbiologie (FBN),0,42
Energy Analysis and Environmental Impacts,0,1
Comité Français des Barrages et Réservoirs,0,21
Deutsche Hochdruckliga e.V.,0,49
Cardiff University,0,71
Journal of Universal Science Online,0,9
National Science Foundation (NSF),0,60
NETL Energy Data eXchange (EDX),0,76
BOP: Versants,0,19
Moscow International Higher Business School MIRBIS (institute),0,46
Università degli Studi di Salerno,0,137
University of Alberta Museums and Collections Services (MACS),0,4
ELS IPRbooks,0,107
Europa-Universität Viadrina,0,56
UCSD CDIP,0,2
Magyar Logisztikai Egyesület,0,1
Iranian Biomedical Journal,0,45
HAB - Herzog August Bibliothek,0,64
OpenBioMaps Consortium,0,5
Max Planck Digital Library,0,134
College of William & Mary,0,96
University of Edinburgh,0,147
National Aeronautics and Space Administration - Planetary Data System (NASA-PDS),0,20
"Institute of Philosophy, Jagiellonian University",0,7
Columbia University Libraries/Information Services (CUL/IS),0,41
EarthRef,0,99
ALT Proceedings / UB Bern,0,39
Edinburgh Napier University,0,7
Argonne National Lab,0,2
Leibniz Universität Hannover,0,139
Norsk Polarinstitutt,0,45
MIT Laboratory of Computational Physiology,0,78
Северо-Кавказский ФНАЦ,0,94
INIST/CNRS Institut de l'Information Scientifique et Technique,0,12
Australian Catholic University,0,147
Scientific and technical publishing house Hot line - Telecom,0,1
Università degli Studi di Firenze,0,159
TalkBank,0,107
"Westfälische Wilhelms-Universität Münster, Institut für Medizinische Informatik",0,11
Forschungsdatenzentrum im Bundesinstitut für Berufsbildung,0,116
Hochschule Düsseldorf,0,34
Aktionsbündnis Patientensicherheit e.V.,0,11
MLData,0,4
London School of Hygiene and Tropical Medicine,0,132
University of Manitoba Libraries,0,34
Incorporated Research Institutions for Seismology,0,159
MEDPress-Inform LLC,0,2
"HITS gGmbH,Heidelberger Institut für Theoretische Studien",0,19
Museum für Naturkunde - Leibniz-Institut für Evolutions- und Biodiversitätsforschung,0,27
Energy Systems Institute Siberian Branch of the Russian Academy of Sciences,0,18
Universität Würzburg,0,34
Digital Repository of Southern Federal University,0,99
e-rara.ch,0,159
EUMETSAT,0,19
Agriculture and Agri-Food Canada,0,1
"Richter Library, University of Miami",0,13
Beilstein-Institut zur Förderung der Chemischen Wissenschaften,0,19
University of York,0,115
Österreichische Gesellschaft für Entomofaunistik (OEGEF),0,2
Universitätsbibliothek Tübingen,0,139
Magyar Természettudományi Társulat,0,139
Magyar Kémikusok Lapja,0,1
Sir Alister Hardy Foundation for Ocean Science,0,104
Bureau Gravimétrique International,0,1
Institute for Research on Innovation and Science,0,11
Editura Universitara - Romania,0,94
University of Aberystwyth,0,12
University of Reading,0,46
Weierstraß-Institut für Angewandte Analysis und Stochastik,0,128
Institute of Sociology at the University of Duisburg-Essen,0,13
Bauhaus-Universität Weimar,0,99
Environment and Climate Change Canada (ECCC),0,23
Human Brain Project - Neuroinformatics Platform,0,84
University of Michigan Library,0,50
Pacific Northwest National Laboratory,0,104
Joachim Herz Stiftung (Programmbereich Wirtschaft),0,1
World Data Center for Remote Sensing of the Atmosphere,0,23
Università degli Studi di Genova,0,133
Journal of Medical Materials and Technologies,0,7
DODIS - Diplomatische Dokumente der Schweiz,0,21
IUPUI University Library,0,141
Canadian Cryospheric Information Network,0,18
Biodiversity and Sustainable Management of a Megadiverse Mountain Ecosystem in South Ecuador,0,26
UTM-CSIC,0,1
"Editorial office of Sugarbeet journal, Ltd",0,12
The Cancer Imaging Archive,0,77
Staats- und Universitätsbibliothek Hamburg Carl von Ossietzky,0,105
Compute Canada,0,25
European Synchrotron Radiation Facility,0,130
NSF Arctic Data Center,0,149
Sonderforschungsbereich GEO-Q / Institut für Erdmessung (IFE),0,2
University of Oregon,0,110
St. Edward's University,0,54
Collaborating Academics,0,16
ETA-Florence Renewable Energies,0,132
Szent István Egyetem Gazdaság és Társadalomtudományok Kar Üzleti Tudományok Intézet,0,45
Издательство «Политехника»,0,1
UCSB Advanced Graphics Lab,0,8
"Regionsenter for barn og unges psykiske helse, helseregion Øst og Sør",0,56
Vyatka State University,0,34
Centre d'études biologiques de Chizé,0,1
Johann Wolfgang Goethe-Universität,0,123
Politecnico di Torino,0,138
Permos,0,1
Federation University Australia,0,6
JROI - Journal of Radiation Oncology Informatics,0,17
"Climate, Atmospheric Science and Physical Oceanography",0,4
European Society of Radiology,0,141
University of Kentucky Libraries,0,154
Karto y Ov Ltd,0,34
Classiques GARNIER,0,160
Carnegie Mellon University Libraries,0,154
National Center of Labor Hygiene and Occupational Diseases,0,1
Korea Institute of Science and Technology Information,0,102
University of California Natural Reserve System,0,50
Università degli Studi di Urbino,0,115
International Research Institute s.r.o.,0,107
Fraunhofer-Gesellschaft zur Förderung der angewandten Forschung e.V,0,20
Psychometrikon,0,43
Eurescom GmbH,0,40
University Library Hagen (UB Hagen),0,65
Geoforschungszentrum Potsdam,0,37
Università degli Studi di Foggia,0,46
City of Austin Digital Repository,0,3
Humboldt Universität zu Berlin,0,66
Observatoire de Recherche Méditerranéenne de l'Environnement,0,1
Washington State University,0,3
ZB MED PUBLISSO,0,40
"Institute of Mining, Ural Branch of RAS",0,43
Logistics Journal,0,83
Observatoire des Sciences de l’Univers  Nantes Atlantique,0,9
EPFL Infoscience,0,159
"Hochschule Bonn-Rhein-Sieg, Hochschul- und Kreisbibliothek",0,47
Journal for Art Market Studies,0,33
e-Journal of Practical Business Research,0,11
Registry of Research Repositories,0,149
Southern Cross University,0,24
The German Youth Institute,0,1
Universität des Saarlandes,0,119
Konrad-Zuse-Zentrum Berlin,0,6
Università della Calabria,0,48
CERN IdeaSquare Journal of Experimental Innovation,0,15
TU Eindhoven,0,1
Università degli Studi di Roma La Sapienza,0,118
Egészségfejlesztés,0,64
Lawrence Berkeley National Laboratory (LBNL),0,178
University of Warsaw  Interdisciplinary Centre for Mathematical and Comutational Modelling,0,55
MBF Bioscience,0,1
USGS DOI Tool Development Environment,0,16
Charles Darwin University,0,5
Universiteit Utrecht,0,31
Dagestan research institute of agriculture named after f.g. kysriev,0,37
GIQS (Grenzüberschreitende Integrierte Qualitätssicherung e.V.),0,13
Cornell University Library,0,117
Quality of Government Institute,0,9
Manchester Metropolitan University,0,14
UCSB,0,79
Nyugat-magyarországi Egyetem Benedek Elek Pedagógiai Kar,0,1
UCSF ImmPort,0,85
DiagnomX GmbH,0,103
Universitäts- und Landesbibliothek Sachsen-Anhalt,0,100
Marine Scotland,0,86
The Norwegian Institute of Bioeconomy Research,0,1
"Institut National des Sciences et Technologies des Transports, de l’Aménagement et des Réseaux.",0,2
"Technische Universität München, Universitätsbibliothek",0,51
Victoria University,0,13
Università del Piemonte orientale “Amedeo Avogadro”,0,2
INDEPTH Network,0,88
OpenTopography Facility,0,109
Newcastle University,0,99
British Library Labs,0,22
Universitätsbibliothek Marburg,0,157
"Natural History Museum, London",0,53
NILU - Norsk institutt for luftforskning,0,2
AmeriFlux,0,12
Helmholtz-Zentrum München - Gesundheit und Umwelt GmbH,0,2
IPUMS,0,29
Force11,0,2
"Swiss Seismological Service, Hazard Center",0,15
Praxiling,0,13
Eesti Maaülikool. EMU Dspace,0,114
Ärztliches Zentrum für Qualität in der Medizin,0,108
SMN ScienceMedia Network GmbH,0,61
Universitätsbibliothek JCS Frankfurt,0,141
Mathematisches Forschungsinstitut Oberwolfach,0,79
Joint Nature Conservation Committee,0,1
International Federation of Digital Seismograph Networks (FDSN),0,119
Universität Salzburg,0,91
PolyMediaPress,0,73
Aalborg University Library,0,142
University of Washington Bothell,0,2
University of New Brunswick,0,79
Bundesanstalt für Wasserbau,0,21
datalino,0,76
Digital Repository of Ireland,0,150
WSL Landesforstinventar,0,28
Bern Open Repository and Information System (BORIS),0,157
École Nationale Supérieure de l’Électronique et de ses Applications,0,1
Liverpool John Moores University,0,133
University of Colorado Boulder Libraries,0,79
BOP - Linguistik Online,0,143
Federal Centre for Health Education,0,95
Zentrum für Europäische Wirtschaftsforschung GmbH (ZEW),0,7
Különleges Bánásmód,0,45
Figshare Datacite,0,132
Université de Nouvelle-Calédonie,0,57
University of Utah,0,13
British Library Metadata Standards,0,53
"ESDS International Mimas, The University of Manchester",0,136
Testnevelési Egyetem,0,19
ScienceWorks,0,45
University of Vienna,0,35
Universiteitsbibliotheek EUR,0,63
Universität für Musik und darstellende Kunst Wien,0,2
Universitätsbibliothek Trier,0,20
Elsys Corp,0,34
SIB modelarchive.org,0,141
Leibniz Institute for Tropospheric Research (TROPOS),0,1
University of Hertfordshire,0,18
Università degli Studi di Bologna,0,153
MAASTRO Clinic,0,16
MTA BTK Zenetudományi Intézet (adatbázisok),0,13
UK Data Archive,0,68
R&D Médiation,0,10
Emergency Cardiology,0,6
Ocean Tracking Network,0,10
HMInfo,0,29
University of Iowa Libraries,0,25
"UC Davis, Social Science Data Service",0,26
Thüringer Universitäts- und Landesbibliothek,0,116
Bioinformatics Infrastructure for Life Sciences,0,9
Università degli Studi di Bari,0,55
Social Change in Switzerland,0,16
CORSSA - Community Online Resource for Statistical Seismicity Analysis,0,16
University of Washington College of the Environment Climate Impacts Group (CIG),0,58
UVH - Universitätsverlag Hildesheim,0,90
vz-nrw (Verbraucherzentrale Nordrhein-Westfalen e. V.),0,78
"Groupement d'Intérêt Public ""Université Numérique Juridique Francophone"" - GIP ""UNJF""",0,27
Institut zur Qualitätsentwicklung im Bildungswesen,0,62
Dairy and Beef Cattle Farming,0,33
International Institute of Tropical Agriculture (IITA),0,31
Statistics (ResearchCompendia.org),0,1
